{
  "version": 2,
  "builds": [
    {
      "src": "frontend/index.html",
      "use": "@vercel/static-build",
      "config": { "distDir": "frontend/dist" }
    },
    {
      "src": "backend/dist/server.js",
      "use": "@vercel/node",
      "config": { "includeFiles": ["backend/dist/**", "backend/.env"] }
    }
  ],
  "routes": [
    {
      "src": "/api/(.*)",
      "dest": "backend/dist/server.js"
    },
    {
      "src": "/(.*)",
      "dest": "frontend/index.html"
    }
  ],
  "env": {
    "SUPABASE_URL": "@supabase_url",
    "SUPABASE_ANON_KEY": "@supabase_anon_key"
  }
}
